{"meta":{"task":"mnist_classification_cnum100_dist0_skew0_seed0","algorithm":"fedavg","model":"cnn","pretrain":"","sample":"md","aggregate":"uniform","learning_rate_decay":0.998,"weight_decay":0,"lr_scheduler":-1,"num_rounds":20,"proportion":0.1,"num_epochs":5,"num_steps":-1,"learning_rate":0.215,"batch_size":10.0,"optimizer":"SGD","momentum":0,"seed":0,"gpu":-1,"eval_interval":1,"num_threads":1,"num_workers":0,"test_batch_size":512,"net_drop":0,"net_active":99999,"net_latency":0,"capability":0,"learning_rate_lambda":0,"q":0.0,"epsilon":0.0,"eta":1.0,"tau":0,"alpha":0.0,"beta":1.0,"gamma":0.0,"mu":0.1,"alg":1,"w":1,"c":0.0},"test_accuracy":[0.0972,0.1135,0.9432,0.9604,0.973,0.9735,0.9788,0.9801,0.9811,0.9835,0.9837,0.9846,0.9859,0.9864,0.9863,0.9865,0.986,0.9873,0.9867,0.9875,0.9883],"test_loss":[2.308452223968506,2.2769065811157225,0.20446989834308624,0.1286825759649277,0.09997153415679931,0.0963008945465088,0.08032980036735535,0.07457513830661773,0.0652295231282711,0.06096078141927719,0.05753517253398895,0.05277602710723877,0.048054156500101086,0.04930711423158646,0.04757008547782898,0.04557126494348049,0.04473999852836132,0.04470608937740326,0.04555854136943817,0.041372465479373934,0.041067397022247314],"valid_accuracy":[0.09383333333333334,0.11516666666666667,0.9370833333333334,0.9595833333333333,0.973,0.97175,0.9780833333333333,0.9790833333333333,0.982,0.983,0.9845833333333334,0.9851666666666666,0.986,0.9863333333333333,0.9866666666666667,0.9864166666666667,0.9866666666666667,0.9873333333333333,0.9871666666666666,0.988,0.9884166666666667],"mean_valid_accuracy":[0.09383333333333331,0.11516666666666665,0.9370833333333332,0.9595833333333331,0.9729999999999999,0.9717499999999997,0.9780833333333334,0.9790833333333332,0.9819999999999998,0.9829999999999999,0.9845833333333331,0.9851666666666666,0.9859999999999998,0.9863333333333333,0.9866666666666666,0.9864166666666665,0.9866666666666665,0.9873333333333332,0.9871666666666665,0.988,0.9884166666666665],"std_valid_accuracy":[0.027401845031149105,0.027673192001566344,0.02212260658743047,0.018833148966649196,0.014245857097572062,0.014186016197493769,0.013051979415654417,0.013768674187767282,0.012622730819174333,0.011955937622973974,0.01120360804979063,0.011029002171043809,0.010728984626287394,0.010962055768270241,0.010474837574980456,0.010779030568655062,0.009930312739844167,0.010238815035605125,0.011144256118936097,0.009952665751222424,0.009922967186168561],"valid_loss":[2.3084974598884584,2.27776563167572,0.22074843682348727,0.1392546678893268,0.10590708932722918,0.10045889300759882,0.08276673715736252,0.0783153988403501,0.068328845211945,0.06370843161916127,0.06123454974673223,0.056091791479557285,0.05372671190532856,0.05488269207155099,0.0495405632694019,0.05056738993545878,0.04972316624072846,0.04839538504355005,0.04794513772947539,0.04780154943720845,0.04356802464884822],"mean_valid_loss":[2.3084974598884584,2.27776563167572,0.22074843682348727,0.1392546678893268,0.10590708932722918,0.10045889300759882,0.08276673715736252,0.0783153988403501,0.068328845211945,0.06370843161916127,0.06123454974673223,0.056091791479557285,0.05372671190532856,0.05488269207155099,0.0495405632694019,0.05056738993545878,0.04972316624072846,0.04839538504355005,0.04794513772947539,0.04780154943720845,0.04356802464884822],"std_valid_loss":[0.005427582193505748,0.023775415002357976,0.06444774902790244,0.06390541767503964,0.06928196074922341,0.06123577847688027,0.06165085963550059,0.0601691221614394,0.05462424932920845,0.054341495505279815,0.05334339012455567,0.04766707237492243,0.04908100227334294,0.051376334090952505,0.0444443429587643,0.04577721623933844,0.04411294038279503,0.045533786338971025,0.04728260066452303,0.04658134115925625,0.0426173317708436]}