{"meta":{"task":"unswnb15_muti_classification_cnum10_dist0_skew0_seed0","algorithm":"fedavg","model":"mscnn","pretrain":"","sample":"md","aggregate":"uniform","learning_rate_decay":0.998,"weight_decay":0,"lr_scheduler":-1,"num_rounds":100,"proportion":0.215,"num_epochs":5,"num_steps":-1,"learning_rate":0.15,"batch_size":10.0,"optimizer":"SGD","momentum":0,"seed":0,"gpu":0,"eval_interval":1,"num_threads":1,"num_workers":4,"test_batch_size":512,"net_drop":0,"net_active":99999,"net_latency":0,"capability":0,"learning_rate_lambda":0,"q":0.0,"epsilon":0.0,"eta":1.0,"tau":0,"alpha":0.0,"beta":1.0,"gamma":0.0,"mu":0.1,"alg":1,"w":1,"c":0.0},"test_accuracy":[0.013332572713863105,0.034602752899182604,0.5901863789351871,0.5749549740438605,0.6437041081600887,0.7076124426479337,0.602606208284776,0.6266798145175092,0.7066263538347446,0.7579029721205799,0.705933646817215,0.7070990245055294,0.6830417172614439,0.667239847767446,0.6509653076026632,0.6272421296258567,0.6184325262617455,0.6691631284278811,0.6542495538151858,0.5663980050037896,0.6942391224624512,0.6730585867146943,0.6157839406064853,0.6948014375707987,0.6660092741245406,0.5840579592036315,0.6220834997188425,0.6693424173030064,0.6241290227941356,0.6204454513597432,0.6409740275615898,0.6364755066948096,0.6726592614928244,0.6525218610185238,0.6365081046721051,0.6363777127629231,0.6313494747650908,0.6163136577375374,0.5799343150757496,0.6097614643011401,0.6214315401729322,0.6245935439705966,0.6532634650019966,0.5824525088218276,0.6335009412665944,0.6094273350338612,0.6129642155704239,0.5953776068194968,0.6356198097908025,0.6187096090687573,0.6599949473135192,0.5786222464896054,0.5693399724547091,0.5892002901219979,0.6092072986871164,0.562380304302118,0.5815234664689056,0.5870977205864376,0.6084738441979675,0.503516506800753,0.5753705982543783,0.57299909540613,0.61335539129797,0.5409960311962643,0.596567432990783,0.5586722843847539,0.541346459452191,0.5766256203802554,0.589395877985771,0.5465050893592053,0.60406496776875,0.5803906867578866,0.5785977980066337,0.5644339768717351,0.5833408037031302,0.5609622922897635,0.5751424124133098,0.5608889468408486,0.5425118371405054,0.594171481659563,0.5548257230638839,0.5679301099366785,0.574457854890104,0.564572518275241,0.5964940875418681,0.5406619019289853,0.6239660329076581,0.5790134222171515,0.6029240385634071,0.5538559332393425,0.5464235944159664,0.581694605849707,0.5801625009168181,0.6484063663849658,0.5890210012468726,0.642620225415013,0.6032418688420383,0.5849788520622295,0.5665446959016193,0.5490314325996072,0.5844735834141491],"test_loss":[2.311385974194116,2.183675313474469,1.127194836057743,1.4601806127214925,1.1961784163714126,0.8309170855879487,1.2128032282453487,1.2207706536579248,0.9036526118929779,0.6482245270322055,0.9118009111312678,0.787762444637791,0.9208863687356711,0.9211678728504376,1.1387915202549248,1.0065181880493026,1.2182098852341383,0.9780854789962817,1.0472450979655148,1.6454969624494844,0.7966586178065297,0.9248145993215193,1.2542328461324008,0.8306424394629407,0.9270945089585213,1.2593292565496035,1.1965063328360483,0.9041145096767002,1.1834953497102132,1.1281549659525285,1.1760212159148444,1.1187254235600055,0.8924534512055602,1.0337504479685498,1.1421236468829186,1.1991539871545864,1.182405947787886,1.239531865983166,1.5869930913584402,1.262583509998461,1.237378030682416,1.300100247158166,1.1023113928824573,1.5497576533600255,1.2813116975733225,1.47931187981179,1.3567814064448285,1.7054491035940613,1.3111152911472421,1.3533399158873438,1.2294324101456817,1.55724573034049,1.722413220069208,1.672102931028504,1.587971604666921,1.9024634820016946,1.5980579258298646,1.6154724537548582,1.4957263014074405,2.668665470869415,2.05522968068975,1.6795165248126125,1.5802596780433427,2.1404359237737784,1.6918242985501577,1.9076807018158226,2.0512271895232943,1.8412962566829212,2.0176180138114987,1.9082060894017208,1.7200345917848245,2.0979516212123404,2.019550586992805,1.978114889543708,1.9844528153110397,2.094750260757285,1.8556327835844177,2.127784039189691,2.2888168997322635,2.234194209820528,2.4044006348445106,2.27507339837754,2.0246796951336536,2.0047350884634136,1.8357626434241288,2.772292995075552,1.7889460114552875,2.230705372309313,2.087999307786844,2.3563819759624005,2.2798357558588314,2.173022235287091,1.9561251273323825,1.7253111336493088,2.010590754645549,1.7251184324783086,1.8530052620436213,2.1999730698113606,2.3632246923146267,2.52386900421456,2.3689182735058156],"valid_accuracy":[0.13026020961936646,0.1759153454991837,0.5947064856153851,0.7247021401880455,0.7319805083704763,0.7377148132117047,0.7385971872548308,0.7405380977635757,0.7256283748011731,0.7076310117391253,0.734053652610126,0.7471548253062058,0.7485221033989825,0.7490515638319821,0.7456990524068365,0.746007818363132,0.7475076318681247,0.7509042033622042,0.7492279744116831,0.7436699049803618,0.7447727788670878,0.7481251248540953,0.7497570942367506,0.7502423875526097,0.7479047369245297,0.7444197971353754,0.7418173043767607,0.7445078929441046,0.743316879456201,0.7535509264937184,0.748742598376755,0.7540802701468559,0.7499337237786937,0.749051651416879,0.7515658877944534,0.7476399434522711,0.7497132239350934,0.7496691054762287,0.7474194728036366,0.7517863097848119,0.7469342378777091,0.7446844543644613,0.7463165356611517,0.7473752570282197,0.7501101489558774,0.747948792127636,0.7516099770583526,0.7459195717137472,0.7433610709024799,0.7492280425332696,0.7216583995850228,0.7502866714496131,0.749007401580669,0.7446404721487692,0.7236434382842878,0.7492280425332696,0.7425230829387369,0.7445522741576603,0.7477722599022452,0.7306572027617366,0.742919954435417,0.7480368879363654,0.7447285776891538,0.7481250615983362,0.750110251138257,0.7472871952802833,0.7474635912625015,0.7494045261003844,0.7423026366192405,0.7480811231750926,0.7459637826233364,0.7414644637540487,0.7389058996870227,0.7485223028979142,0.7468018338428382,0.7457432535847708,0.7434936938995927,0.7465372106745457,0.7434494148684169,0.7453903351088172,0.7462725680429425,0.7409353974530847,0.7453903205113341,0.7419056434768704,0.7403177341631483,0.7269076689992552,0.7396999784224875,0.742787788826099,0.738067872796659,0.7459195035921607,0.7474635669333635,0.7361268990321551,0.7305688928565929,0.7443756543473726,0.7435818578299086,0.7485663532351927,0.7446846392659101,0.7382443806929119,0.7441551350404619,0.7439345719411031,0.7413320013292468],