{"meta":{"task":"unswnb15_muti_classification_cnum10_dist0_skew0_seed0","algorithm":"fedavg","model":"scnn","pretrain":"","sample":"md","aggregate":"uniform","learning_rate_decay":0.998,"weight_decay":0,"lr_scheduler":-1,"num_rounds":30,"proportion":0.215,"num_epochs":5,"num_steps":-1,"learning_rate":0.1,"batch_size":10.0,"optimizer":"SGD","momentum":0,"seed":0,"gpu":0,"eval_interval":1,"num_threads":1,"num_workers":4,"test_batch_size":512,"net_drop":0,"net_active":99999,"net_latency":0,"capability":0,"learning_rate_lambda":0,"q":0.0,"epsilon":0.0,"eta":1.0,"tau":0,"alpha":0.0,"beta":1.0,"gamma":0.0,"mu":0.1,"alg":1,"w":1,"c":0.0},"test_accuracy":[0.19986634829308841,0.034602752899182604,0.7150040339996904,0.6080826684704214,0.6288231315246889,0.6402731710497364,0.6138932579233458,0.5985966570774284,0.6636703692535878,0.621781968428859,0.6470128028555828,0.6331586625049915,0.6316917535266937,0.5998924266749248,0.5964370410816009,0.6024513678926222,0.5823954623615605,0.6021579860969627,0.6174464374485563,0.5576209996169738,0.5028237997832234,0.5813604765824281,0.6243409096465564,0.6579983212041692,0.6011067013291825,0.6101770885116579,0.6459289201105072,0.6564580667769565,0.611627698501308,0.6313820727423863,0.7076531901195531],"test_loss":[2.3047032830138248,2.0638715421859013,0.67245925415548,0.9980594605362639,1.0283374209483538,0.939189792384688,1.1740118818030025,1.198572954898605,0.9545018748462313,1.1066768840414969,1.0853178040640317,0.948091823726236,1.0992111387963321,1.325737304596257,1.2409111827030725,1.4009161427546275,1.4433514173138475,1.2422798148793393,1.2074969130090405,1.9133944420627327,1.9231016894914887,1.2956420874070451,1.2047182151570763,1.1385311062945853,1.3631749160608007,1.3671258255327248,1.4087868852102874,1.1606691803351197,1.164332416299936,1.0202940240453418,0.9223059467452243],"valid_accuracy":[0.17613570423378333,0.1759153454991837,0.6893689768505089,0.7294662330662812,0.7365681760715287,0.7438463544866835,0.7375824918959033,0.7428759138297939,0.7360828535607042,0.7419938074071859,0.7451256973430417,0.7480370825694692,0.7423024079253433,0.7477282728207253,0.7370972131775272,0.7500220482813205,0.7498455403850675,0.7423907032330043,0.740934915736152,0.7418173043767607,0.7471986420837595,0.7483456441610056,0.7569474493295218,0.7476839840578944,0.7463167935500147,0.7311865512807015,0.7430965304532564,0.7563298492953443,0.7407145083432765,0.7485663483693651,0.7466251653742745],"mean_valid_accuracy":[0.1761358623731804,0.17591530657256285,0.6893692104102338,0.7294662549625055,0.7365681517423909,0.7438464931627702,0.7375827084252315,0.7428760476400529,0.7360829289810321,0.7419938244375828,0.7451257168063521,0.7480370533745038,0.7423026025584474,0.7477282752536393,0.7370974856638729,0.7500220555800619,0.7498456109395678,0.7423908248786943,0.7409351565946184,0.7418173797970887,0.7471989413321569,0.7483458314953684,0.7569475077194531,0.7476841640935158,0.7463167181296868,0.7311865902073225,0.7430966034406705,0.7563299514777239,0.7407146007940009,0.7485663872959859,0.7466254962505514],"std_valid_accuracy":[0.009736583141627462,0.0068444829692691014,0.009052573056787193,0.006109196616281552,0.006990749125948841,0.005136819882160715,0.008137164079211213,0.00558472373515902,0.007412906379431153,0.00860891193523433,0.007803562201145464,0.005999117776797531,0.006607256936339745,0.005863466729832561,0.009176817731942375,0.00819102791731595,0.00884525007770822,0.00760197968222943,0.008589905193973346,0.012199028860315686,0.008335608791426584,0.007299697318601672,0.008406619673275063,0.008329887754092703,0.007712392006625177,0.005724942067192816,0.008020956776483953,0.009622301335287853,0.008298996340622077,0.010076286730116709,0.00973288533166134],"valid_loss":[2.3095981686678764,2.0174370664545007,0.8771951097052985,0.7601694233243671,0.7228733959751148,0.6837053515056636,0.6863733069070943,0.6978492234939692,0.6709436395286554,0.6724178723467761,0.6839547179672187,0.6648844614174602,0.6582116132024508,0.6547521960550097,0.6823132883404603,0.6721738035133051,0.6657508424225922,0.6813042835668345,0.6718620572097169,0.6986055288835707,0.6756268069493779,0.6931292919206328,0.6625117542189285,0.6627855177598303,0.6811652473918287,0.7107319940223406,0.7240225560247864,0.6907598970404715,0.6989785237021239,0.6870511901017895,0.6913250355462947],"mean_valid_loss":[2.309598153616607,2.0174368127726963,0.8771946176170093,0.760169079093929,0.7228731957626174,0.6837049624969321,0.6863730295092512,0.6978490136875999,0.6709433297149715,0.6724177389351029,0.6839544822268409,0.6648842355018678,0.6582113028098479,0.654752136883254,0.6823130463838682,0.6721737804947101,0.6657508585938915,0.6813041023472937,0.6718620269715024,0.6986056036448552,0.675626608717531,0.6931291895918138,0.662511707919255,0.662785419184151,0.6811653100161179,0.7107318156739401,0.7240229051650544,0.6907598446606011,0.6989783774060617,0.6870513407943214,0.6913248670011772],"std_valid_loss":[0.0007912606072251373,0.009997953880378609,0.016901368878432035,0.017704146419599096,0.020386126668375935,0.01707398791136386,0.018963648008646333,0.01889091187503706,0.016921520154201675,0.020236646031067944,0.021122029809433382,0.022390662694744493,0.018048244713454165,0.01957824553702544,0.017626288425240104,0.020554387985869175,0.024958503608161275,0.021257536015742942,0.01887329500769277,0.02498433649229916,0.021904359576260322,0.025199467581545825,0.021805467632240744,0.022140551504888698,0.022552234874771582,0.02466582404706205,0.027168315497437995,0.025100200794806907,0.02187441318824521,0.023915329972172376,0.02624919469472905]}