{"meta":{"task":"nslkdd_muti_classification_cnum10_dist0_skew0_seed0","algorithm":"fedavg","model":"3LMNet","pretrain":"","sample":"md","aggregate":"uniform","learning_rate_decay":0.998,"weight_decay":0,"lr_scheduler":-1,"num_rounds":50,"proportion":0.1,"num_epochs":5,"num_steps":-1,"learning_rate":0.01,"batch_size":10.0,"optimizer":"SGD","momentum":0,"seed":0,"gpu":0,"eval_interval":1,"num_threads":1,"num_workers":4,"test_batch_size":64,"net_drop":0,"net_active":99999,"net_latency":0,"capability":0,"learning_rate_lambda":0,"q":0.0,"epsilon":0.0,"eta":1.0,"tau":0,"alpha":0.0,"beta":1.0,"gamma":0.0,"mu":0.1,"alg":1,"w":1,"c":0.0},"test_accuracy":[0.10739475668721998,0.49066228984607196,0.8017566428603115,0.7943929379408242,0.8069910837066939,0.8032205119105709,0.78521048662556,0.7839240562480593,0.77545135962383,0.7848999689482322,0.7720356651732245,0.8016235638557424,0.7987845450916027,0.7625870558488222,0.8128022002395422,0.8014017655147939,0.8048618196335892,0.7863638379984917,0.8024220378831566,0.8003371334782415,0.8062369693474692,0.793727542917979,0.787162312025906,0.8066362063611764,0.8111165328483343,0.7916869981812537,0.7971875970367742,0.7957680876547043,0.8026438362241051,0.7696402430909817,0.7524286918333851,0.7494565940646764,0.7687086900589983,0.7658696712948587,0.7660027502994278,0.8022445992103979,0.7799760457791776,0.781883511511334,0.7700394801046888,0.7637847668899437,0.8058377323337621,0.8100075411435922,0.8156412190036818,0.7861863993257331,0.7920418755267711,0.793727542917979,0.78383533691168,0.796655281018498,0.7924854722086678,0.8038859069334161,0.8040633456061749],"test_loss":[1.609508095889423,1.1132287234140628,1.5416925646728574,1.7614997414091975,1.642071493768821,1.3234768816229985,1.9221911414494632,2.0613311060053565,2.1318287986652065,1.6650093778533575,1.8650904283048477,2.1770248444629363,2.195286270452943,1.9576848640007425,2.1358835060488697,2.486744323872697,2.3331231411815994,2.7586946148962905,2.2351256025845934,2.8636450528707194,2.530718545114561,3.018420527219635,1.8819865867100913,2.0605634397026895,1.8429494899066874,2.559818659986614,2.476925657047532,2.3042185704636076,2.3211345620995716,3.354091918040669,3.2877320212955743,3.488404391255379,1.984596852744762,2.660177222120198,2.9354107212016647,3.429269709561926,3.346457896128747,2.4697350165607377,2.592326505855866,2.8998737244408668,2.56344262702132,3.0615816959676727,1.664758985628386,2.709827497389583,2.6719765672559763,2.5936640466887755,3.1037691659673117,2.6661857725953335,2.85126879353471,2.8497857241792794,2.676616624688444],"valid_accuracy":[0.0919840387770786,0.573650569982921,0.9956746295579615,0.9919047941948422,0.9949206522470193,0.9942460415905683,0.9961111284374956,0.9969444605894845,0.9970635046644989,0.9975000232331065,0.9969841340721933,0.996349232338783,0.9976984300247971,0.9969841419478226,0.9949206325579462,0.9976984221491678,0.9973412899241247,0.9977777848658441,0.9969841537612667,0.9977777927414735,0.9979365063613821,0.9977777730524002,0.997896836816488,0.9973015967523424,0.997500007481848,0.9980555740632844,0.9969444448382259,0.9975793701985242,0.9973809594690187,0.997936518174826,0.9982539847927898,0.9982936622133134,0.9971825487395135,0.9973809594690188,0.997500007481848,0.997896825003044,0.9983730170543603,0.9982142955588225,0.9972619193318192,0.9978968328786733,0.9972222261600371,0.997896836816488,0.9952381031137246,0.9975396888401862,0.9979365221126406,0.9982142994966369,0.9981746142004841,0.9982539729793458,0.9978968446921171,0.9975793780741533,0.9982936622133133],"mean_valid_accuracy":[0.09198412698412699,0.5736507936507935,0.9956746031746032,0.991904761904762,0.994920634920635,0.9942460317460318,0.9961111111111112,0.9969444444444445,0.9970634920634922,0.9974999999999999,0.996984126984127,0.9963492063492065,0.9976984126984128,0.996984126984127,0.994920634920635,0.9976984126984128,0.9973412698412698,0.9977777777777778,0.996984126984127,0.9977777777777778,0.9979365079365079,0.9977777777777778,0.9978968253968252,0.9973015873015871,0.9975000000000002,0.9980555555555556,0.9969444444444445,0.9975793650793652,0.9973809523809525,0.9979365079365079,0.9982539682539684,0.9982936507936507,0.9971825396825397,0.9973809523809525,0.9974999999999999,0.9978968253968254,0.998373015873016,0.9982142857142857,0.9972619047619048,0.9978968253968254,0.9972222222222221,0.9978968253968254,0.995238095238095,0.9975396825396825,0.9979365079365079,0.9982142857142857,0.9981746031746033,0.9982539682539684,0.9978968253968254,0.9975793650793652,0.9982936507936507],"std_valid_accuracy":[0.0057582086181641465,0.011753268898736065,0.0014789400915542982,0.0016089789629137477,0.001450449752579127,0.0019379548328690057,0.0013492063492063443,0.001463957678229893,0.0011664236870396044,0.001094691605089974,0.0010528967588429804,0.0010468972982756247,0.001000755572453845,0.0010225475179940539,0.0015753518445459633,0.0009848947338087946,0.001316719049447381,0.0011528443687566585,0.0015892844757540248,0.0011664236870396044,0.000968774255216957,0.0011931187601883218,0.001004681658823184,0.001016368926576639,0.0010202349311255869,0.0009952330320622546,0.0012301587301587259,0.0008593812630042712,0.001179846725977655,0.001091089451179958,0.0008908708063747449,0.001094691605089974,0.0012852487889445706,0.0010677479402439417,0.0010655334588966273,0.0009728294184231126,0.0009952330320622546,0.0008180765130193742,0.0011004305257033332,0.0008333333333333305,0.0013280317881493215,0.0011089832232128627,0.001536898153256906,0.001187827741832993,0.0010468972982756249,0.0006930257617687666,0.0007570946042991606,0.0008908708063747449,0.0007745722736485343,0.0010416194244767174,0.00087030603966116],"valid_loss":[1.622445705202852,0.9712384834581309,0.02080275225147908,0.021058743662207915,0.02186381211634283,0.014577612744459846,0.013322416950780904,0.011839960906723885,0.011203307767819921,0.008593439707332758,0.010327936421309875,0.008635443323724906,0.006138742179962854,0.011957506282721827,0.011773617718871861,0.008057279430437814,0.00805741284271446,0.011236050488464034,0.008905390467610765,0.009474638217164892,0.008618022265462922,0.0095711815563426,0.007024202895386333,0.008258609988894697,0.007878591390246532,0.008128711122857285,0.010889898632899252,0.009456104067539389,0.008360606093740959,0.008710525999112297,0.008586523057104185,0.008457726734448274,0.008523641043067708,0.008711439363271688,0.008702632441790405,0.00996143515318032,0.010362627890794233,0.0071035044857340225,0.008750793041050866,0.008383676590651668,0.01006930025485232,0.00812555931254636,0.019880172370268456,0.010477138401904035,0.008773531338548328,0.009639127890166578,0.007893718892881008,0.0074235230402860605,0.009258695786766288,0.009951051646812283,0.008737278586735649],"mean_valid_loss":[1.6224457038016546,0.9712374366465069,0.020802793435859564,0.02105889383655426,0.021864015995284602,0.014577690841314116,0.01332255611362237,0.011840042911967935,0.011203414070078573,0.008593531954083739,0.010328056133640486,0.008635570444887327,0.006138836084192874,0.011957644123146552,0.011773724223746704,0.008057395524448358,0.00805751570411274,0.011236187200683784,0.008905530845259486,0.009474811223654896,0.008618112110645077,0.00957125211218111,0.007024318728741952,0.00825862419232772,0.00787865984428093,0.008128848645894093,0.010889952823615334,0.009456152394963108,0.008360689093279357,0.008710684751344996,0.00858668961419007,0.008457872594322357,0.00852374307198232,0.008711529600722504,0.008702747421708727,0.009961600856357052,0.010362846918507121,0.007103619708190857,0.008750878549350697,0.00838378016465521,0.010069405450450422,0.008125658467744495,0.019880240574841286,0.010477306712013999,0.0087736962377953,0.009639288184270197,0.007893872806696832,0.007423651310133526,0.009258852461447647,0.009951241753776503,0.008737451106818976],