{"meta":{"task":"nslkdd_muti_classification_cnum10_dist0_skew0_seed0","algorithm":"fedavg","model":"3LMNet","pretrain":"","sample":"md","aggregate":"uniform","learning_rate_decay":0.998,"weight_decay":0,"lr_scheduler":-1,"num_rounds":30,"proportion":0.215,"num_epochs":5,"num_steps":-1,"learning_rate":0.01,"batch_size":10.0,"optimizer":"SGD","momentum":0,"seed":0,"gpu":0,"eval_interval":1,"num_threads":1,"num_workers":4,"test_batch_size":512,"net_drop":0,"net_active":99999,"net_latency":0,"capability":0,"learning_rate_lambda":0,"q":0.0,"epsilon":0.0,"eta":1.0,"tau":0,"alpha":0.0,"beta":1.0,"gamma":0.0,"mu":0.1,"alg":1,"w":1,"c":0.0},"test_accuracy":[0.33881914563279064,0.5386594508273078,0.7622765381714944,0.7581954486980438,0.7922193141995297,0.789114137426252,0.6351860888080557,0.7604577917757175,0.7756731579647784,0.7864081976666815,0.7644945215809785,0.7769595883422792,0.7663132679767556,0.7522956128288161,0.7828594242115069,0.5582220644989575,0.7879607860533203,0.768619970722619,0.7749634032737435,0.7865856363394402,0.7741649292463293,0.7648493989264961,0.8361797453755045,0.7735882535598634,0.7594375194073548,0.7871179523577163,0.7828594242115069,0.764006565230892,0.6961806325688684,0.7652042762720135,0.7647606795901166],"test_loss":[1.5976374013630261,2.0786569889766886,1.2586558302731816,1.838487058387475,2.1814250638437045,2.176863391148834,1.1994293568979661,1.1904755165259333,1.6672210857408978,1.9084866391371345,2.2795038082815076,2.4813864769859673,2.4708405039047427,2.3649422673553393,1.8755148615160433,1.2936645578863204,1.7154988993326288,2.2781734515943444,2.345038641780418,2.2547351637966635,2.284146566968027,2.6544822651380784,0.961360938321231,1.2658990152097238,1.8397600197942234,2.188122398332003,2.259143985616533,3.0201947567113168,2.9312276853694574,2.882231213082672,2.814832157226303],"valid_accuracy":[0.3641664575687082,0.898293618897352,0.990357185779323,0.9946428866764672,0.9935317810782965,0.9951587600861216,0.8721824936101082,0.9903175083587991,0.9968651057484377,0.9965873283644412,0.9972619311452631,0.9969841576990813,0.9965079617099503,0.9974603339991389,0.9958333707425724,0.9911508090082707,0.9959127295214343,0.9976984260869826,0.9974206526408008,0.9975793898875973,0.9978174780376263,0.9981349328421462,0.9929365449519658,0.9944047827751795,0.9948016239232637,0.997817470161997,0.9976984182113533,0.9980952475459932,0.9955158726220916,0.9978174740998116,0.9983333396338367],"mean_valid_accuracy":[0.36416666666666664,0.8982936507936508,0.990357142857143,0.9946428571428572,0.993531746031746,0.9951587301587301,0.8721825396825398,0.9903174603174605,0.9968650793650793,0.9965873015873015,0.9972619047619048,0.9969841269841269,0.9965079365079366,0.9974603174603175,0.9958333333333333,0.9911507936507938,0.9959126984126986,0.9976984126984128,0.9974206349206349,0.9975793650793652,0.9978174603174603,0.9981349206349206,0.9929365079365079,0.994404761904762,0.9948015873015873,0.9978174603174603,0.9976984126984126,0.9980952380952381,0.9955158730158731,0.9978174603174601,0.9983333333333334],"std_valid_accuracy":[0.010220931225783535,0.0056092922671197335,0.002231062348709611,0.001657666553508361,0.0015976842967616925,0.0016533862425396496,0.005337117185697468,0.0026154376275054,0.0012095040201688982,0.0013996184197260584,0.001100430525703333,0.0014762758125189054,0.0014720029357929636,0.0012320773568460293,0.0014335231641419348,0.002347986062299518,0.0014746749346080936,0.001187827741832993,0.0010233172189069509,0.0009465762255457555,0.0009092412093166317,0.0006160386784230147,0.0020983022327622602,0.0018818897938697354,0.0016690270511756362,0.0009263982166610087,0.0010468972982756249,0.0010007555724538448,0.0017751007338369018,0.001038591454627171,0.0007896725691322353],"valid_loss":[1.5920343375898447,0.8299179740908859,0.030456491080518275,0.012101314725643212,0.012825833730714394,0.011694543298866605,0.06954131549688848,0.014494883782309845,0.008463741551678903,0.007960087189902947,0.00904487978218476,0.008080563861211552,0.008274173798411468,0.00844651480327434,0.00884925353344207,0.01867097075181467,0.010637152569820087,0.007531966008624591,0.009014359156282514,0.006329375125801876,0.00614720981205121,0.006964855923010888,0.010777472697403761,0.012853265291291415,0.009971804374924037,0.006989660140298967,0.0071035335854048205,0.006632756451376432,0.016191140309705105,0.006920432189008253,0.0071328491665337895],"mean_valid_loss":[1.5920343306329516,0.8299177658936335,0.030456539916377222,0.012101384620330042,0.012825901799628303,0.011694647534861274,0.06954136815454279,0.014494975665584206,0.008463841763191988,0.007960157532370575,0.009044999570256868,0.008080699344586936,0.00827428164672003,0.008446622844600665,0.008849391169764752,0.018671043242460914,0.010637234100491725,0.007532093335286758,0.00901446942411851,0.006329472725628875,0.006147317281653477,0.006964970771445049,0.010777564144708098,0.012853357609036187,0.009971930920996424,0.006989777520317898,0.007103645229242772,0.006632871025774095,0.01619131866295541,0.006920560329590299,0.007132976559944273],"std_valid_loss":[0.0003080630470751671,0.01243366758712766,0.004534815161160516,0.00684989676677619,0.005505908857449953,0.006767026637484387,0.005622559459068251,0.0057714935010499645,0.006481820089989418,0.007312381934811603,0.008812851573583434,0.006765203458030277,0.006892173339449738,0.005799910057158744,0.006667905058603143,0.010347322672742937,0.008962308817739606,0.007561685122392178,0.007401286055406806,0.006325516396465161,0.006390958760185258,0.007676289107759363,0.006893969427125283,0.006451976825657761,0.0075538263251572315,0.00833070366277072,0.008195828948147514,0.007911311056915215,0.017292330202039963,0.008419278617432005,0.00884437850275084]}