{"meta":{"task":"nslkdd_muti_classification_cnum10_dist0_skew0_seed0","algorithm":"fedavg","model":"LMNet","pretrain":"","sample":"md","aggregate":"uniform","learning_rate_decay":0.998,"weight_decay":0,"lr_scheduler":-1,"num_rounds":30,"proportion":0.215,"num_epochs":5,"num_steps":-1,"learning_rate":0.01,"batch_size":10.0,"optimizer":"SGD","momentum":0,"seed":0,"gpu":0,"eval_interval":1,"num_threads":1,"num_workers":4,"test_batch_size":512,"net_drop":0,"net_active":99999,"net_latency":0,"capability":0,"learning_rate_lambda":0,"q":0.0,"epsilon":0.0,"eta":1.0,"tau":0,"alpha":0.0,"beta":1.0,"gamma":0.0,"mu":0.1,"alg":1,"w":1,"c":0.0},"test_accuracy":[0.10739475668721998,0.7070487512753405,0.8226056869094619,0.8048618196335892,0.8195892294725635,0.812269884221266,0.8094752251253161,0.8181697200904937,0.7990063434325512,0.7990950627689305,0.7720356651732245,0.787162312025906,0.7721243845096039,0.7689748480681364,0.7851217672891807,0.7921749545313401,0.8014017655147939,0.8067692853657454,0.7934170252406512,0.8171050880539413,0.8034423102515194,0.3806059530674711,0.7794437297609014,0.778379097724349,0.7768265093377101,0.7863194783303021,0.7946147362817726,0.7869848733531474,0.783258661225214,0.7844563722663355,0.7715920684913277],"test_loss":[1.5989085505828668,2.1410021475106724,1.4374699808449942,1.9628998960697972,2.016803717199956,2.315261520780149,2.285280863087946,1.4853121807807583,2.279023092683468,2.565298531676589,2.9563778941899845,2.6889836892987327,3.315531237093774,2.9631987681687315,2.556262195298048,2.370277968479103,2.3521771327745826,1.0495814581610732,2.8509615320165835,2.101644893972917,2.271006259918001,2.109536731879819,2.493727095084378,3.1700844214605013,2.5936580083175924,2.598168108534465,1.9180007558857195,2.8617429775898326,2.6278650201382816,2.670615174821861,3.1262175312895946],"valid_accuracy":[0.0919840387770786,0.9799206538221452,0.9914682913774934,0.9953571865668855,0.9956349363861793,0.9965476351926592,0.9969444684651138,0.9924603489628347,0.997658748666459,0.9972222497869248,0.9979365221126407,0.9980952396703637,0.9981349289043313,0.9979762034709787,0.9944841573052998,0.9976587486664591,0.9972619153940043,0.993373020204612,0.9979761877197201,0.9973016046279717,0.9973016006901572,0.4259520808909038,0.9982936503998694,0.9981349249665168,0.9961508097958336,0.9978571475825206,0.9969444566516698,0.9980158769536878,0.9977777888036587,0.9968254243900994,0.9986111091422039],"mean_valid_accuracy":[0.09198412698412699,0.9799206349206349,0.991468253968254,0.9953571428571429,0.9956349206349205,0.996547619047619,0.9969444444444445,0.9924603174603174,0.9976587301587301,0.9972222222222223,0.9979365079365079,0.9980952380952381,0.9981349206349208,0.9979761904761906,0.9944841269841269,0.9976587301587301,0.9972619047619048,0.9933730158730161,0.9979761904761906,0.9973015873015874,0.9973015873015874,0.42595238095238097,0.998293650793651,0.9981349206349204,0.9961507936507937,0.9978571428571428,0.9969444444444445,0.9980158730158729,0.9977777777777778,0.9968253968253968,0.9986111111111112],"std_valid_accuracy":[0.0057582086181641465,0.0013883218797250665,0.0021534862779706487,0.0016746784004769142,0.0015971914124998442,0.0014746749346080936,0.0013752161469177298,0.001999937010849858,0.0009126984126984094,0.0012673586843389886,0.0010618323936713973,0.0008657708027488631,0.001035554631007924,0.0011004305257033332,0.001659565370343366,0.0009297916280841222,0.0010714285714285676,0.001442284273443348,0.0006746031746031722,0.0010163689265766391,0.001187827741832993,0.012845379686466788,0.0010506509757836255,0.0011230929919114965,0.0014091492781400507,0.0010378330817953948,0.001004681658823184,0.001122391716169119,0.0010225475179940539,0.0012295185226055248,0.0009597925890831573],"valid_loss":[1.597477117953504,0.24964250812226196,0.017790604671935484,0.010424768921590251,0.0083866370577391,0.008681384406593454,0.0071557491491474135,0.011925898093098478,0.0070494845575247225,0.007395122920319496,0.006660190910196044,0.007367927255547546,0.007399706916189286,0.007924471808305458,0.015591259808040627,0.008592733264952591,0.009237777010304829,0.015490252928165566,0.0084892687694089,0.009111069168042567,0.0059140891643671275,0.9152616469699191,0.00669414737577996,0.006672971311242369,0.00815451380206346,0.00701463586921275,0.010998748052359538,0.006967484620359338,0.009615052321632655,0.007423170756881418,0.007107220101897563],"mean_valid_loss":[1.597477112573291,0.24964239103926555,0.017790706444176886,0.010424859882147598,0.008386710471591898,0.0086814872659595,0.00715582850156352,0.011925976742502477,0.007049609831641041,0.007395208970764154,0.006660267025911867,0.007368027926681358,0.007399844597892962,0.007924629435024505,0.015591417926156686,0.008592851059585217,0.009237871701694704,0.015490352385307826,0.008489368011171805,0.009111160906479834,0.0059141645836921055,0.9152610166489132,0.006694246108568872,0.006673079323760855,0.00815462524750425,0.007014720265116979,0.010998816878372243,0.006967590271824664,0.009615213571241983,0.0074232688337095105,0.007107326302341082],"std_valid_loss":[0.0002663175838425814,0.0130450545467091,0.007000181093632692,0.0066989234719410295,0.005190414121135509,0.006941994008000461,0.0071668651965856745,0.004898553770441941,0.006727952510662419,0.008370157319505266,0.00592024413113778,0.007540097054912274,0.009172481248562228,0.009114589091921642,0.01266174983546941,0.010354489281837208,0.01101621371231905,0.010697033408238488,0.007672300970534694,0.009416260827590792,0.005211197899354194,0.038043200482092594,0.00617000301808841,0.00895483440669338,0.007449125811213686,0.007775730148952649,0.003566653741248822,0.0070946297473250715,0.011818041886695465,0.0049988498655578525,0.008180492923652303]}