{"meta":{"task":"nslkdd_muti_classification_cnum10_dist0_skew0_seed0","algorithm":"fedavg","model":"LMNet","pretrain":"","sample":"md","aggregate":"uniform","learning_rate_decay":0.998,"weight_decay":0,"lr_scheduler":-1,"num_rounds":30,"proportion":0.215,"num_epochs":1,"num_steps":-1,"learning_rate":0.01,"batch_size":10.0,"optimizer":"SGD","momentum":0,"seed":0,"gpu":0,"eval_interval":1,"num_threads":1,"num_workers":4,"test_batch_size":512,"net_drop":0,"net_active":99999,"net_latency":0,"capability":0,"learning_rate_lambda":0,"q":0.0,"epsilon":0.0,"eta":1.0,"tau":0,"alpha":0.0,"beta":1.0,"gamma":0.0,"mu":0.1,"alg":1,"w":1,"c":0.0},"test_accuracy":[0.33881914563279064,0.511289535554274,0.7805083617974538,0.8099631814754026,0.8146653063035089,0.8335625249523133,0.8252229073326531,0.7901344097946147,0.8349376746661935,0.8144435079625605,0.8107616555028169,0.8134232355941977,0.7809519584793506,0.784101494920818,0.7963004036729805,0.8230936432595484,0.8087654704342812,0.8196335891407532,0.8077008383977288,0.820920019518254,0.7967440003548774,0.8147983853080779,0.7884043827352172,0.8036641085924677,0.8268198553874817,0.8130683582486803,0.8143104289579914,0.7816617131703855,0.7720800248414141,0.7818391518431442,0.7792662910881427],"test_loss":[1.597814519001461,2.2946877592242303,1.0427102807494302,1.1027479892941898,1.2066167020197003,1.0062588688824132,1.1023767753210687,1.67397766658377,1.0324922006692765,1.0291510744319698,1.430701953270249,1.4776309356499928,2.0304935813262133,1.713769201334867,1.23666029684938,0.8338786212309586,1.1419630346263105,1.3055292167632453,1.5118508287422279,1.2913746708262144,1.8636446914195655,1.541402815841758,1.786037859243038,1.6278085930559072,1.2628576680803048,1.6634830560435876,1.4431564148018217,1.9517930921695779,1.9182133217096509,2.0247134152223607,2.1240779180754754],"valid_accuracy":[0.3641664575687082,0.668651033857488,0.989087327183097,0.9922222489993618,0.9884127204644606,0.9911111552146354,0.9933333664109764,0.9952778199123946,0.9928571664840306,0.9930158997930127,0.9947619465027401,0.9962301882637686,0.996746053797794,0.9955555815451322,0.9959920843624812,0.994127009328998,0.9953571708156269,0.996825420452285,0.9972619311452631,0.9970635204157577,0.9967460656112379,0.9942063523566009,0.9969047792311465,0.9968254243900996,0.994920656184834,0.9961508137336484,0.9967460616734232,0.9974603379369537,0.9973412938619391,0.9969841419478227,0.9970238272439755],"mean_valid_accuracy":[0.36416666666666664,0.6686507936507937,0.9890873015873016,0.9922222222222221,0.9884126984126984,0.9911111111111112,0.9933333333333334,0.9952777777777777,0.9928571428571431,0.993015873015873,0.9947619047619047,0.9962301587301589,0.9967460317460318,0.9955555555555555,0.9959920634920634,0.9941269841269843,0.9953571428571429,0.9968253968253968,0.9972619047619048,0.997063492063492,0.9967460317460317,0.9942063492063491,0.996904761904762,0.9968253968253968,0.994920634920635,0.9961507936507935,0.9967460317460317,0.9974603174603176,0.9973412698412698,0.996984126984127,0.9970238095238095],"std_valid_accuracy":[0.010220931225783535,0.011726173689994169,0.0026456679842513263,0.0020481726826291897,0.0021281091552050593,0.0022250548839485933,0.002142857142857135,0.0019150680177799381,0.001557255307170517,0.001685457189015494,0.0022433800039845272,0.0014768090528514545,0.001439552154541031,0.0014175056428168006,0.0015105449452916045,0.00206043729932494,0.0016075102460737318,0.0012036310228653211,0.0011286875121688763,0.0011251941967268075,0.0013492063492063443,0.0013654484550861263,0.0010765603147817847,0.0013515386004703445,0.0015245533898649586,0.001463957678229893,0.0015450732011056917,0.0012698412698412653,0.0012428936320131563,0.0012320773568460293,0.0015084585562498527],"valid_loss":[1.59199402792835,0.9505838888718505,0.052096411943271546,0.017919301948856055,0.021167690491657544,0.015715084355359794,0.014620138890895494,0.010035852553009669,0.013822296057233615,0.013263106117393262,0.00845068156605388,0.008903192556547713,0.009654295405431876,0.01045608706451933,0.010799547136059387,0.017356076067422864,0.008711191298903995,0.007640912443086953,0.006871228322346557,0.008234298038027237,0.00806532749734827,0.010681534181032352,0.02212383733270872,0.008229035769657177,0.008250537398376565,0.009042315605751769,0.0064197452408521535,0.006838870190700982,0.007270346496035837,0.006823060575253398,0.006134883012525348],"mean_valid_loss":[1.5919940209388732,0.9505838521132393,0.052096460856615553,0.01791936476810998,0.02116774497731101,0.01571514204661879,0.014620197326432735,0.01003595069505363,0.013822387854923452,0.013263169849616669,0.008450763064458789,0.008903279384276607,0.009654388442517273,0.010456178191650126,0.01079961483666141,0.017356108929370603,0.008711250576907621,0.007640985708798296,0.006871314863193899,0.008234374398469097,0.008065399013991868,0.010681578583483184,0.022123869646133647,0.0082291042942199,0.008250602714916956,0.009042385764020893,0.006419811033207687,0.006838926990989536,0.007270431239167154,0.006823133266889417,0.006134949022652729],"std_valid_loss":[0.000309465731542649,0.015522535851548261,0.006638877762384631,0.008253298858618046,0.008939832908475078,0.005344246532038246,0.008870776368728874,0.006473010571473644,0.007914582972470167,0.008120648729364757,0.005217162685489799,0.006735890694857725,0.00790592193233415,0.007191797786051847,0.008267593439013848,0.007586970130193211,0.006327482094987215,0.005881618829503768,0.005059564884054139,0.006740842600519237,0.0035460200727490967,0.0072492186214262455,0.0041982425970939095,0.008154711448964794,0.0060784887346193245,0.005740004867799772,0.004840445678669298,0.006686550073834499,0.006709044833405004,0.005936977861583526,0.004937141314449734]}