{"meta":{"task":"nslkdd_muti_classification_cnum10_dist0_skew0_seed0","algorithm":"fedavg","model":"3LMNet","pretrain":"","sample":"md","aggregate":"uniform","learning_rate_decay":0.998,"weight_decay":0,"lr_scheduler":-1,"num_rounds":50,"proportion":0.215,"num_epochs":5,"num_steps":-1,"learning_rate":0.01,"batch_size":10.0,"optimizer":"SGD","momentum":0,"seed":0,"gpu":0,"eval_interval":1,"num_threads":1,"num_workers":4,"test_batch_size":512,"net_drop":0,"net_active":99999,"net_latency":0,"capability":0,"learning_rate_lambda":0,"q":0.0,"epsilon":0.0,"eta":1.0,"tau":0,"alpha":0.0,"beta":1.0,"gamma":0.0,"mu":0.1,"alg":1,"w":1,"c":0.0},"test_accuracy":[0.43073237812181164,0.6581643969303109,0.7924854722086678,0.8030430732378122,0.788981058421683,0.7768265093377101,0.8068580047021249,0.8084549527569533,0.7652486359402032,0.8027325555604844,0.7986514660870336,0.8032205119105709,0.7962116843366012,0.8017566428603115,0.7975868340504813,0.7785565363971078,0.7941711395998758,0.8037084682606574,0.7928403495541854,0.7957237279865147,0.7819278711795236,0.7965665616821186,0.8281506454331722,0.7999822561327241,0.797631193718671,0.8143991482943708,0.8048174599653994,0.8048174599653994,0.7882713037306481,0.8095639444616954,0.796655281018498,0.7991837821053098,0.7630750121989087,0.7773144656877966,0.7875615490396132,0.7704830767865857,0.7940824202634964,0.77545135962383,0.8006476511555694,0.7946590959499623,0.7823271081932307,0.8011356075056558,0.7749634032737435,0.7571308166614914,0.7607683094530453,0.8019340815330701,0.8047731002972098,0.783258661225214,0.805571574324624,0.7898682517854766,0.8022002395422082],"test_loss":[1.630500662883648,2.5337270040909328,1.5991177572542183,1.6936846502405862,1.8097612607692206,1.9929088035926672,1.919746957939773,2.072091631889766,3.1861681455475033,1.8868653216474318,2.4473021084734654,2.394690548237217,2.870488420229957,1.989204464020135,2.269919659121248,2.824177731957034,2.6607816189293514,1.9731915942716105,2.6883188400908202,2.2727880584724582,2.6194760273745916,2.881629587321031,1.9758129182378206,2.7182580765606277,2.535579707482605,2.1814818728315437,2.1999146107433694,2.7815080123217277,2.847752063745975,1.9741972897864275,2.5278739739251224,2.5199935265232125,3.1429071226290484,2.9900331950381225,2.265994138399943,3.452505308834127,1.8475052648326105,2.8618706305173065,2.513447261790504,2.9238354667015805,3.326643713437659,2.582713942812693,3.5988115670174086,4.595429226186965,4.404921088202613,2.048615478313324,2.096832976675243,2.750609865280823,2.05158597602928,2.983909313741035,2.518370988792775],"valid_accuracy":[0.5351986997651015,0.9619048170341672,0.9933333782244202,0.9948016278610784,0.9955159080624234,0.9962301803881393,0.9953968521739651,0.996507953834321,0.9979365260504555,0.9964682803516122,0.9970238429952342,0.9973412899241245,0.9979761955953494,0.9980555622498405,0.9969841458856374,0.9975396967158153,0.9980555701254697,0.9971825605529574,0.9980555583120257,0.9978174740998116,0.9982142955588225,0.9982539769171607,0.997500007481848,0.9982539690415311,0.9984127023505132,0.9980555622498405,0.9982539729793458,0.998214287683193,0.9977381035075061,0.998373020992175,0.998174606324855,0.9978571475825204,0.9984127102261425,0.998492069005004,0.9984127062883279,0.9984127023505132,0.9976587329152002,0.9983333396338367,0.998253972979346,0.9988095238095238,0.9984920611293748,0.997380947655575,0.9985714199082364,0.9984920611293748,0.9984920650671895,0.9955158923111649,0.9980158887671318,0.9986507944383567,0.9982539690415313,0.9984523876466659,0.9977381035075059],"mean_valid_accuracy":[0.5351984126984127,0.9619047619047618,0.9933333333333334,0.9948015873015873,0.9955158730158729,0.9962301587301587,0.9953968253968254,0.9965079365079366,0.9979365079365078,0.9964682539682539,0.9970238095238095,0.9973412698412698,0.9979761904761905,0.9980555555555556,0.996984126984127,0.9975396825396826,0.9980555555555556,0.9971825396825398,0.9980555555555556,0.9978174603174604,0.9982142857142857,0.9982539682539683,0.9974999999999999,0.9982539682539683,0.9984126984126984,0.9980555555555555,0.9982539682539683,0.9982142857142857,0.9977380952380951,0.998373015873016,0.9981746031746033,0.9978571428571428,0.9984126984126984,0.9984920634920634,0.9984126984126984,0.9984126984126984,0.9976587301587303,0.9983333333333333,0.9982539682539684,0.9988095238095239,0.9984920634920634,0.9973809523809525,0.9985714285714286,0.9984920634920635,0.9984920634920635,0.9955158730158731,0.9980158730158729,0.9986507936507936,0.9982539682539681,0.9984523809523809,0.9977380952380951],"std_valid_accuracy":[0.013939872410891976,0.0025284971939799894,0.0019904660641245093,0.001678435395440994,0.0017026538057876872,0.001529194354602986,0.0011391031820958152,0.0013723505131579777,0.000952380952380949,0.0015209339600584708,0.0014113824796649743,0.001177843022194903,0.0010714285714285678,0.0010416194244767176,0.0012821820969367822,0.0011610110189149002,0.0008775136661704723,0.001100430525703333,0.0010263902505061521,0.0009920634920634885,0.0009092412093166317,0.0009255479198167111,0.001004681658823184,0.0009424081021458631,0.000851095658314569,0.0007197760772705156,0.000797609176279433,0.0010233172189069509,0.001094691605089974,0.0010566291234678016,0.0009083748525602823,0.0012447926302665132,0.00100389766989472,0.0008093681767607566,0.00100389766989472,0.0008323879747382125,0.0008952789025935267,0.0009523809523809489,0.0006687420454901848,0.0007098628499999307,0.0009687742552169571,0.0010378330817953948,0.0009255479198167111,0.0010317460317460282,0.0009357004859167901,0.0012301587301587259,0.0009390602830316817,0.0010528967588429804,0.0010378330817953948,0.0005736838212222582,0.0009888837932045293],"valid_loss":[1.621084815440369,0.5563966632743732,0.021143908938337716,0.01370320087580307,0.011259300016798597,0.010044394338388475,0.009412484956529169,0.007729631296646213,0.007130515201033083,0.00782075178721722,0.007436128637273194,0.00733282155065004,0.007076772005486035,0.006207212152584541,0.00681504974295118,0.009013625957479576,0.007708813055076738,0.007598604584253802,0.006809034422511261,0.006370374636134205,0.006898298493288472,0.008876451097317316,0.008278292595229856,0.007668654825542606,0.007635447658327159,0.008274360457051485,0.005854258843930632,0.00627360134096188,0.00728117631968743,0.005712618442980013,0.0071441441053359525,0.008284320017379646,0.006928886754416865,0.007306603365788202,0.006076790535362617,0.007744068660370284,0.005311909512564093,0.007446051723146893,0.006236191739417798,0.00715774622137801,0.007957874866650025,0.007562168556066452,0.0069121801961804785,0.00750803957812103,0.008213033889295878,0.00897428181482239,0.00801125413062578,0.008153174033960755,0.007133309889100237,0.007024179874486591,0.00918464917619465],"mean_valid_loss":[1.6210848189914038,0.5563964817259046,0.02114400020608353,0.01370330000939291,0.011259415678472983,0.010044487269340261,0.009412575062578693,0.007729692914844713,0.0071305981016762205,0.007820790798499412,0.007436197155380681,0.007332887499563632,0.0070768471669945265,0.006207289730765975,0.006815098674879188,0.009013663323148936,0.007708821916760552,0.007598657370175399,0.006809113024743661,0.0063704532335442125,0.006898402977771299,0.008876527239038888,0.008278378299423603,0.0076687549801713354,0.007635537808292567,0.008274501058767782,0.005854341957206738,0.0062737057166587975,0.007281285095368585,0.0057127157241033955,0.007144260105902389,0.008284423362100146,0.006929025573339286,0.007306752909787483,0.006076892953907002,0.007744204559750783,0.005311971679163564,0.007446199934305955,0.0062362979413372824,0.007157887179781691,0.007958038812246828,0.007562293648289697,0.006912303852131739,0.007508189371487427,0.00821319985056078,0.008974417866159615,0.008011395992938245,0.008153341051501995,0.007133447589128213,0.007024324070833187,0.009184796703343708],