{"meta":{"task":"nslkdd_muti_classification_cnum10_dist0_skew0_seed0","algorithm":"fedavg","model":"3LMNet","pretrain":"","sample":"md","aggregate":"uniform","learning_rate_decay":0.998,"weight_decay":0,"lr_scheduler":-1,"num_rounds":30,"proportion":0.215,"num_epochs":5,"num_steps":-1,"learning_rate":0.1,"batch_size":10.0,"optimizer":"SGD","momentum":0,"seed":0,"gpu":0,"eval_interval":1,"num_threads":1,"num_workers":4,"test_batch_size":512,"net_drop":0,"net_active":99999,"net_latency":0,"capability":0,"learning_rate_lambda":0,"q":0.0,"epsilon":0.0,"eta":1.0,"tau":0,"alpha":0.0,"beta":1.0,"gamma":0.0,"mu":0.1,"alg":1,"w":1,"c":0.0},"test_accuracy":[0.33881914563279064,0.43073237812181164,0.7800647651155569,0.7766490706649515,0.767777137027015,0.7702612784456372,0.808366233420574,0.7815729938340061,0.7760280353102958,0.789956971121856,0.7831699418888347,0.7891584970944417,0.7562436232976978,0.7981191500687574,0.7951470523000488,0.7943929379408242,0.8014017655147939,0.7951914119682385,0.7785565363971078,0.7741205695781396,0.7903118484673735,0.783125582220645,0.7836135385707315,0.7463070576232089,0.759836756421062,0.7413831344541543,0.8001153351372932,0.7911990418311671,0.7809519584793506,0.7813511954930578,0.773499534223484],"test_loss":[1.5978096617583304,1.9390443562139283,0.956604740097514,1.9243925026113222,1.6086132504954522,2.2189567208274235,1.089931611692356,1.713784243883577,1.9795447137845164,1.663063193755147,2.1166872507993975,1.6918698131511951,2.778952826022869,1.6663818384969329,1.576015577110895,1.5448987272216927,1.7756880370693717,1.7406624458868702,2.6488423548208835,2.3639469975001197,1.7803547272944267,2.0690362117191397,2.1372969501566264,3.020197058419845,2.717834247891505,2.6712850755359776,1.7510257014094295,2.4743874428810892,2.59608267688637,2.501128268697715,3.1040761205967407],"valid_accuracy":[0.3641664575687082,0.5351986997651015,0.9336904931230792,0.9930555732757215,0.9888492075305508,0.9939683035847188,0.7105156780940473,0.9953571668778123,0.9948809905777546,0.9926984371128637,0.9957143148541142,0.9949206561848342,0.9969047831689613,0.9943651132302854,0.9936111359193435,0.9837699070313461,0.9952381228027977,0.9947222454553287,0.9971428791946192,0.9969841458856374,0.9950793894938161,0.9972222340356662,0.9971428713189899,0.9976190673081209,0.997460322185695,0.9974206526408009,0.9966666989567469,0.9976587407908295,0.9973809594690188,0.9974206565786156,0.997936518174826],"mean_valid_accuracy":[0.36416666666666664,0.5351984126984127,0.9336904761904762,0.9930555555555556,0.9888492063492065,0.993968253968254,0.710515873015873,0.9953571428571429,0.9948809523809524,0.9926984126984127,0.9957142857142858,0.994920634920635,0.9969047619047618,0.9943650793650795,0.9936111111111112,0.9837698412698413,0.9952380952380953,0.9947222222222223,0.9971428571428571,0.996984126984127,0.9950793650793649,0.9972222222222221,0.9971428571428571,0.9976190476190476,0.9974603174603175,0.9974206349206349,0.9966666666666667,0.9976587301587301,0.9973809523809525,0.9974206349206348,0.9979365079365079],"std_valid_accuracy":[0.010220931225783535,0.013939872410891976,0.003506688350811951,0.002025365103996,0.001796265126627974,0.002164790745553303,0.008953228739549,0.0020238095238095167,0.0020423982908663054,0.0017496355305594068,0.0014285714285714236,0.0013951107802576892,0.0011054276410463546,0.0013137258220037135,0.0015000839818599784,0.0026881808816571766,0.0017297218029923246,0.0013979297582387678,0.0011878277418329933,0.0013065140978693864,0.0013304011598603296,0.0010194629030686575,0.0010317460317460282,0.0010939721231817596,0.0013304011598603293,0.0013191087411583017,0.0012944052722460343,0.0009792827523216684,0.0011528443687566588,0.0011258937269135758,0.0010765603147817847],"valid_loss":[1.5919904404902168,1.3595043275836511,0.23679869402456005,0.018184681543499382,0.019071159818575278,0.01434129451389368,0.22795296450218916,0.010930825962886527,0.03254733226989496,0.014254824547490157,0.00870625518340728,0.011004424730592235,0.008992215560471193,0.011313790590664376,0.012075711436523733,0.029597334356748457,0.009986365476694762,0.011000404714712165,0.008768503244335622,0.008757955947575568,0.009733606960429315,0.008817037436227308,0.008216801840110043,0.00797077467461076,0.007632637667331103,0.008220962252433775,0.007619423196059767,0.007300078026694454,0.007390646634222354,0.0068753763994035015,0.008038774727427409],"mean_valid_loss":[1.591990433496142,1.3595043637639002,0.23679863331809875,0.018184764728777936,0.019071195271634866,0.014341428018515073,0.22795277275736373,0.010930897028717612,0.03254741665744592,0.01425492105931635,0.008706339800819045,0.011004505871817293,0.008992298452686223,0.011313889047263988,0.012075792184350865,0.02959742366084977,0.009986451926589427,0.01100052124384554,0.00876863151983661,0.00875808116121565,0.009733698905130575,0.008817114651458161,0.008216888825686294,0.007970856475858167,0.007632683910321378,0.008221098261883959,0.007619559425557594,0.0073001805161281175,0.007390717556099555,0.0068754773625239185,0.00803884243230439],"std_valid_loss":[0.0003095443282267391,0.007320261968035086,0.0057470499293244045,0.008615314164984476,0.00634743167833697,0.007584598907720521,0.011220311517689536,0.007549923969114498,0.007714223194782953,0.008423265578633226,0.006157135971117861,0.007864332037526022,0.008225023049000699,0.006712158612705096,0.008011663683624538,0.009016824733296652,0.007950962105657124,0.007578434131935892,0.007374325476911105,0.007941484897276245,0.005709287959482693,0.007771861409046729,0.0067609710534758975,0.00814012535315545,0.007782578214169433,0.007380711648028522,0.00730033788670384,0.006598639735374615,0.00672081547830093,0.006129228103590251,0.008350996652504857]}