{"meta":{"task":"nslkdd_muti_classification_cnum10_dist0_skew0_seed0","algorithm":"fedavg","model":"LMNet","pretrain":"","sample":"md","aggregate":"uniform","learning_rate_decay":0.998,"weight_decay":0,"lr_scheduler":-1,"num_rounds":100,"proportion":0.215,"num_epochs":1,"num_steps":-1,"learning_rate":0.01,"batch_size":10.0,"optimizer":"SGD","momentum":0,"seed":0,"gpu":0,"eval_interval":1,"num_threads":1,"num_workers":4,"test_batch_size":512,"net_drop":0,"net_active":99999,"net_latency":0,"capability":0,"learning_rate_lambda":0,"q":0.0,"epsilon":0.0,"eta":1.0,"tau":0,"alpha":0.0,"beta":1.0,"gamma":0.0,"mu":0.1,"alg":1,"w":1,"c":0.0},"test_accuracy":[0.33881914563279064,0.5070310074080646,0.7331765958390631,0.8037084682606574,0.7858758816484053,0.7931508672315131,0.8144878676307501,0.8022889588785876,0.8063256886838487,0.8285055227786896,0.8112496118529033,0.8179035620813556,0.7930621478951337,0.7961673246684114,0.831521980215588,0.798474027414275,0.8006476511555694,0.8084105930887637,0.78104067781573,0.8164840526992858,0.7892915760990108,0.8100519008117819,0.7807745198065918,0.7781129397152109,0.8057933726655725,0.81031805882092,0.795812447322894,0.7889366987534934,0.7716364281595174,0.7896020937763385,0.7839240562480593,0.7873397506986648,0.7443108725546733,0.7865412766712505,0.7953688506409972,0.783258661225214,0.78383533691168,0.8082775140841947,0.7842345739253871,0.7892915760990108,0.7651155569356342,0.8103624184891097,0.7819722308477133,0.8017122831921217,0.7995386594508274,0.7839240562480593,0.7987845450916027,0.7869848733531474,0.79496961362729,0.8069467240385042,0.7809075988111609,0.7921305948631504,0.7947921749545314,0.7835691789025419,0.7644058022445992,0.7596149580801136,0.758993922725458,0.7475047686643304,0.7715477088231381,0.7601916337665794,0.7538038415472652,0.7715033491549483,0.7786452557334871,0.7765159916603824,0.7595262387437342,0.7662689083085659,0.765958390631238,0.7526948498425232,0.7561992636295081,0.7615224238122699,0.76986204143193,0.7604577917757175,0.7754957192920197,0.7707935944639134,0.7679545756997738,0.7659140309630484,0.7738987712371912,0.7530497271880406,0.7565985006432152,0.7540699995564033,0.78383533691168,0.7671117420041698,0.7542474382291621,0.7460852592822605,0.7854322849665084,0.7716364281595174,0.7899126114536663,0.7809075988111609,0.7586390453799405,0.7564654216386462,0.7765159916603824,0.7422259681497583,0.7408508184358781,0.7542030785609724,0.7490573570509692,0.748125804018986,0.7504768664330391,0.7636960475535643,0.7641840039036508,0.7548684735838176,0.7480814443507963],"test_loss":[1.597814519001461,2.1287564463863533,1.297977567707927,1.2662122085989935,1.4623323535187318,1.243476664970281,1.221301350704405,1.3128729266832266,1.2034983210527066,1.138611388055507,1.3533007984234247,1.4359619492293196,1.6676731981201234,1.7971048179115086,1.1796891447873037,1.5047279306858987,1.5913798489439686,1.5937629136399114,1.8362810638376799,1.4157031277916856,1.9490661154261648,1.7746081070643385,2.0697410991024974,2.2338580983039287,1.8094957534165792,1.5662662755553038,1.8610065798314628,2.2174989126253504,2.373095418304537,2.065221728605074,2.2027259226785136,1.9381458911551814,2.9300860826661275,1.889600141535041,1.935209523582873,2.263499980483298,2.184757834746168,1.690077404943528,2.15402257708465,2.1298797746858087,2.7391952519957674,1.7856651766934877,2.6631237332592343,2.0457194289853153,1.9458584753071908,2.2339384942164107,2.1405374563898945,2.268559467912881,2.084711742981639,2.143295581500596,2.684446406651055,2.427108313310423,2.048543333346253,2.2522941051959164,2.441191912279077,2.5337592043058264,2.9670668314402557,2.362165648379967,2.831014746428329,3.8734024291780327,4.026402312290043,3.1040161394271264,2.667159217699436,2.8843350032363384,3.0210887261023567,3.227139785783354,3.0134722797501423,3.588616274805885,3.1355799860197666,3.322461984523815,2.898022468746943,3.478507229340868,3.093677299244668,3.4926901832265904,3.323004440148044,3.391198298461857,3.2510652058148763,3.519787803519662,3.5926454190019546,3.2717010448296575,2.5560793514189415,3.162042158221001,3.3897207326169436,3.9187178282307706,2.168743270062112,2.0554188101609894,2.328464258797488,2.8179162267159428,3.297822754908617,3.4868584745594347,2.9378254145366647,4.1632748801997055,3.7283109936851453,3.3394152185632717,3.7841724390233837,3.570601617328045,3.5243446132477114,3.343705091439212,3.2449874622568085,3.4121976855383607,3.886986748199097],"valid_accuracy":[0.3641664575687082,0.9003968568993428,0.9858730623392289,0.9922619382333293,0.9938492437584456,0.9914286021435257,0.9938095505866635,0.9950397238867363,0.9942460534040122,0.9926984331750489,0.9951984453822743,0.994404778837365,0.9960714707060455,0.9947222454553287,0.9949603454188015,0.9959127137701757,0.9963889333861945,0.996150829484907,0.9963492441522269,0.9962301843259541,0.9953968561117796,0.9941666867495216,0.9969047910445904,0.9966666950189321,0.9951190747899687,0.9967857390939467,0.9971031938984667,0.9968651057484376,0.9970238272439754,0.9971825684285868,0.9973412899241245,0.9969841458856373,0.9976984339626118,0.9968254165144701,0.9976984260869827,0.9977381113831353,0.997658748666459,0.9969444566516699,0.997857163333779,0.9967460498599792,0.9976984339626117,0.9960317657208193,0.9981349289043314,0.9976984221491679,0.997380967344648,0.9979761995331641,0.9978571554581498,0.9979762113466081,0.9981746181382989,0.9975397006536298,0.9980952475459932,0.9973412899241245,0.9975793701985242,0.9977777966792881,0.9979761955953496,0.998095251483808,0.9979762034709787,0.9953571393131097,0.998174606324855,0.9977777966792881,0.9982539847927897,0.9976587368530151,0.997857151520335,0.9979365142370112,0.9979762034709789,0.9981746142004843,0.9981349249665168,0.9975793820119682,0.9984523837088511,0.9984920611293748,0.9976984221491678,0.9985317464255276,0.9986111130800184,0.9975000114196625,0.9982539769171604,0.9985317464255276,0.9978968446921171,0.9982142916210076,0.9983730170543602,0.998333339633837,0.9974206408273568,0.9979761955953496,0.9983333435716514,0.9983333396338367,0.995277804161136,0.9972222497869249,0.9982539769171604,0.9979762113466081,0.9984127062883279,0.9984523876466659,0.9980158808915024,0.9985714277838659,0.9973412899241247,0.9981349328421459,0.9981746142004841,0.9984126944748839,0.9988492091056766,0.9987698385133712,0.9978968407543024,0.9983730249299897,0.9983333435716514],