{"meta":{"task":"nslkdd_muti_classification_cnum10_dist0_skew0_seed0","algorithm":"fedavg","model":"cnn","pretrain":"","sample":"md","aggregate":"uniform","learning_rate_decay":0.998,"weight_decay":0,"lr_scheduler":-1,"num_rounds":100,"proportion":0.215,"num_epochs":1,"num_steps":-1,"learning_rate":0.01,"batch_size":10.0,"optimizer":"SGD","momentum":0,"seed":0,"gpu":0,"eval_interval":1,"num_threads":1,"num_workers":4,"test_batch_size":512,"net_drop":0,"net_active":99999,"net_latency":0,"capability":0,"learning_rate_lambda":0,"q":0.0,"epsilon":0.0,"eta":1.0,"tau":0,"alpha":0.0,"beta":1.0,"gamma":0.0,"mu":0.1,"alg":1,"w":1,"c":0.0},"test_accuracy":[0.42554229694361884,0.6645521891496251,0.6713392183826465,0.6845583995031718,0.7136583418356031,0.708778778334738,0.7149004125449142,0.7146786142039657,0.7160981235860355,0.7389433527037218,0.7313578494432862,0.7338419908619084,0.7344186665483742,0.7335314731845806,0.7386771946945837,0.7462626979550193,0.7507430244421772,0.7499001907465732,0.7483476023599344,0.7463070576232089,0.7467062946369161,0.7494122343964867,0.7470611719824336,0.7545579559064898,0.747282970323382,0.7628975735261501,0.755223350929335,0.7555782282748525,0.7693297254136539,0.7566428603114048,0.7689304883999468,0.7564654216386462,0.7533602448653685,0.7512309807922637,0.7458634609413122,0.7634742492126159,0.7548684735838176,0.7568646586523533,0.7568202989841636,0.7584172470389922,0.7490573570509692,0.766668145322273,0.7547353945792485,0.7622765381714944,0.7702612784456372,0.7719913055050348,0.758860843720889,0.7685312513862397,0.758993922725458,0.747282970323382,0.7648937585946857,0.7702612784456372,0.7654704342811516,0.7708823138002928,0.774608525928226,0.7576187730115779,0.7737656922326221,0.759260080734596,0.7609901077939937,0.7663576276449452,0.7692410060772745,0.7684425320498602,0.7589495630572684,0.7634298895444263,0.7702169187774476,0.7637847668899437,0.7574413343388191,0.738765914030963,0.764716319921927,0.7589052033890786,0.7650268375992547,0.7517632968105399,0.7653817149447723,0.7353058599121679,0.7708379541321031,0.7612562658031318,0.7489242780464002,0.7651155569356342,0.7577518520161469,0.7683094530452912,0.7567759393159739,0.7668012243268421,0.7610788271303731,0.7533602448653685,0.7615667834804596,0.7657365922902897,0.7623208978396842,0.765825311626669,0.7561992636295081,0.7500332697511423,0.7595262387437342,0.7447101095683805,0.762631415517012,0.7628088541897706,0.7537151222108859,0.7643170829082199,0.7592157210664064,0.7545135962383002,0.7431575211817416,0.7545579559064898,0.7469724526460542],"test_loss":[1.62077004037616,1.8057540036694624,1.4272672232647456,1.5360671901683844,1.5753252674787357,2.0924064684997186,1.9919501215977016,2.0812629983909847,2.2059746163129246,1.6668915172565144,2.4812207938414557,1.9902453079666986,2.2463392139893057,2.8303922295321833,2.7489709420027117,2.4699377921386647,2.5596043199600866,2.7331207416942074,2.561949307983169,2.734625305124931,2.6909066579813903,2.793788408538239,2.790724728480051,2.646357128519991,2.752728475460602,2.1128910304078277,2.556976367030905,2.3714935471276206,2.234208638510581,2.6609484020192413,2.1221380898847038,2.6245805922753056,2.836123221505319,2.9418690339995326,2.962864097876562,2.480927165163889,2.8510544000350713,2.9334377639545277,2.8653319929135024,2.7290911901887145,3.011428292395508,2.561994060175297,3.037096072990457,2.8970145994327785,2.451296823341929,2.486048081094305,2.9472128847701597,2.5133392445626415,2.7577391505659152,3.0923920241338423,2.9048098843591488,2.7744535852418797,2.6930619879168276,2.718399450052696,1.418878044167465,2.91948858971277,2.5063058096064927,3.0445228189656977,3.037524598147068,2.8244771412301706,2.901529086295563,2.7928131266113647,3.1046995957255317,3.061690492775533,2.669877374134665,2.9785768158321706,3.315661420903792,3.6401075734298103,2.9227456965495335,3.1676398274405995,3.0662112943251376,3.357703847401378,3.0789374411595256,3.745648311584023,2.77600102523403,3.2459645967424717,3.4543102608595144,3.2109291341445125,3.401524707904351,3.0201810788585814,3.413261228745088,3.155462922027423,3.233666410400901,3.528019334167574,3.2088955150851817,3.1810836883899096,3.3373752155802303,3.2627843633305345,3.4813201728880534,3.7384707875774867,3.5090606983935975,3.9774070817459783,3.4040635706808016,3.485631225399205,3.6312660220690685,3.1436468385388348,3.477026969766847,3.6173906853621736,4.015066234135709,3.582237643674786,3.8590913201554486],"valid_accuracy":[0.5350796438766431,0.9043650833028939,0.9490079109121412,0.9609523974912025,0.967103153732757,0.9836507999512971,0.9804761967766938,0.9837698361506824,0.988531776352919,0.9726984536516852,0.9911111434011913,0.9832143168230215,0.9893651124427225,0.9920635432550827,0.9924206715423114,0.9927381302846456,0.9934524026103614,0.9927381224090164,0.9935714663744493,0.9925794009134784,0.9940079731296129,0.9942460534040125,0.9944841612431146,0.9946825680348053,0.9946032131937583,0.9932539958186707,0.9943254318719473,0.9936111437949728,0.9935317771404818,0.994920667998278,0.9932539918808563,0.9942063759834889,0.9951190787277834,0.9955952786547291,0.9950397278245511,0.9944444720091471,0.9957540119637109,0.9948016239232637,0.9953968639874091,0.9947222533309581,0.9949603532944309,0.9952778120367652,0.9956746413714054,0.9958730560387252,0.9939682799578308,0.9941666946251508,0.9955159041246088,0.9944444759469615,0.9950397120732923,0.995515912000238,0.9963889215727505,0.9955159120002381,0.9950793973694452,0.9958333668047579,0.9842460833314038,0.9964682921650562,0.9945238426014527,0.9965476509439176,0.9959921040515545,0.9950397120732923,0.9951587600861215,0.9963492362765977,0.9965079695855796,0.996071462830416,0.9955159120002383,0.9961905069054305,0.9967460734868673,0.9973809830959067,0.9964682921650562,0.9961905226566892,0.9959127334592488,0.9973016203792304,0.995833366804758,0.9974206644542448,0.9955555815451325,0.9960317854098928,0.996904794982405,0.9960317854098928,0.9963095627938888,0.9958333668047579,0.996349244152227,0.9955555933585762,0.9963095588560742,0.9958333746803872,0.9961905147810597,0.9953571826290708,0.9959921040515545,0.9950397120732926,0.9969444724029285,0.9969444802785578,0.9965476588195471,0.9969047871067757,0.9966270136605943,0.995714318791929,0.9965873362400705,0.996507965647765,0.9960317854098927,0.9969841616368958,0.9969047910445902,0.9968651136240669,0.9967460616734232],